<edmx:Edmx xmlns:edmx="http://schemas.microsoft.com/ado/2007/06/edmx" Version="1.0">
	<edmx:DataServices xmlns:m="http://schemas.microsoft.com/ado/2007/08/dataservices/metadata" m:DataServiceVersion="1.0">
		<Schema xmlns="http://schemas.microsoft.com/ado/2008/09/edm" Namespace="com.sap.iotservices.mms">
			<EntityType Name="entity0">
				<Key><PropertyRef Name="C_DEVICEID"/><PropertyRef Name="C_SEQUENCEID"/><PropertyRef Name="C_STATUS"/><PropertyRef Name="C_PHASE"/><PropertyRef Name="C_MSG"/><PropertyRef Name="G_CREATED"/></Key><Property xmlns:mms="com.sap.iotservices.mms" Name="C_DEVICEID" Type="Edm.String" mms:ColumnName="C_DEVICEID"/><Property xmlns:mms="com.sap.iotservices.mms" Name="C_SEQUENCEID" Type="Edm.String" mms:ColumnName="C_SEQUENCEID"/><Property xmlns:mms="com.sap.iotservices.mms" Name="C_STATUS" Type="Edm.String" mms:ColumnName="C_STATUS"/><Property xmlns:mms="com.sap.iotservices.mms" Name="C_PHASE" Type="Edm.Int32" mms:ColumnName="C_PHASE"/><Property xmlns:mms="com.sap.iotservices.mms" Name="C_MSG" Type="Edm.String" mms:ColumnName="C_MSG"/><Property xmlns:mms="com.sap.iotservices.mms" Name="G_CREATED" Type="Edm.DateTime" mms:ColumnName="G_CREATED"/></EntityType>
			<EntityType Name="entity1">
				<Key><PropertyRef Name="G_CREATED"/><PropertyRef Name="G_METRIC"/><PropertyRef Name="G_VALUE"/><PropertyRef Name="G_COMPONENT"/><PropertyRef Name="G_PROCESS"/></Key><Property xmlns:mms="com.sap.iotservices.mms" Name="G_CREATED" Type="Edm.DateTime" mms:ColumnName="G_CREATED"/><Property xmlns:mms="com.sap.iotservices.mms" Name="G_METRIC" Type="Edm.String" mms:ColumnName="G_METRIC"/><Property xmlns:mms="com.sap.iotservices.mms" Name="G_VALUE" Type="Edm.Double" mms:ColumnName="G_VALUE"/><Property xmlns:mms="com.sap.iotservices.mms" Name="G_COMPONENT" Type="Edm.String" mms:ColumnName="G_COMPONENT"/><Property xmlns:mms="com.sap.iotservices.mms" Name="G_PROCESS" Type="Edm.String" mms:ColumnName="G_PROCESS"/></EntityType>
			<EntityType Name="entity2">
				<Key><PropertyRef Name="G_CREATED"/><PropertyRef Name="C_KEY"/><PropertyRef Name="C_VALUE"/></Key><Property xmlns:mms="com.sap.iotservices.mms" Name="G_CREATED" Type="Edm.DateTime" mms:ColumnName="G_CREATED"/><Property xmlns:mms="com.sap.iotservices.mms" Name="C_KEY" Type="Edm.String" mms:ColumnName="C_KEY"/><Property xmlns:mms="com.sap.iotservices.mms" Name="C_VALUE" Type="Edm.String" mms:ColumnName="C_VALUE"/></EntityType>
			<EntityType Name="entity3">
				<Key><PropertyRef Name="G_DEVICE"/><PropertyRef Name="G_CREATED"/><PropertyRef Name="C_TIMESTAMP"/><PropertyRef Name="C_LEVEL"/><PropertyRef Name="C_NAME"/></Key><Property xmlns:mms="com.sap.iotservices.mms" Name="G_DEVICE" Type="Edm.String" mms:ColumnName="G_DEVICE"/><Property xmlns:mms="com.sap.iotservices.mms" Name="G_CREATED" Type="Edm.DateTime" mms:ColumnName="G_CREATED"/><Property xmlns:mms="com.sap.iotservices.mms" Name="C_TIMESTAMP" Type="Edm.DateTime" mms:ColumnName="C_TIMESTAMP"/><Property xmlns:mms="com.sap.iotservices.mms" Name="C_LEVEL" Type="Edm.Double" mms:ColumnName="C_LEVEL"/><Property xmlns:mms="com.sap.iotservices.mms" Name="C_NAME" Type="Edm.String" mms:ColumnName="C_NAME"/></EntityType>
			<EntityType Name="entity4">
				<Key><PropertyRef Name="G_DEVICE"/><PropertyRef Name="G_CREATED"/><PropertyRef Name="C_TIMESTAMP"/><PropertyRef Name="C_ACCX"/><PropertyRef Name="C_ACCY"/><PropertyRef Name="C_ACCZ"/></Key><Property xmlns:mms="com.sap.iotservices.mms" Name="G_DEVICE" Type="Edm.String" mms:ColumnName="G_DEVICE"/><Property xmlns:mms="com.sap.iotservices.mms" Name="G_CREATED" Type="Edm.DateTime" mms:ColumnName="G_CREATED"/><Property xmlns:mms="com.sap.iotservices.mms" Name="C_TIMESTAMP" Type="Edm.DateTime" mms:ColumnName="C_TIMESTAMP"/><Property xmlns:mms="com.sap.iotservices.mms" Name="C_ACCX" Type="Edm.Double" mms:ColumnName="C_ACCX"/><Property xmlns:mms="com.sap.iotservices.mms" Name="C_ACCY" Type="Edm.Double" mms:ColumnName="C_ACCY"/><Property xmlns:mms="com.sap.iotservices.mms" Name="C_ACCZ" Type="Edm.Double" mms:ColumnName="C_ACCZ"/></EntityType>
			<EntityType Name="entity5">
				<Key><PropertyRef Name="G_DEVICE"/><PropertyRef Name="G_CREATED"/><PropertyRef Name="C_TIMESTAMP"/><PropertyRef Name="C_ALTITUDE"/><PropertyRef Name="C_LOCLAT"/><PropertyRef Name="C_LOCLONG"/><PropertyRef Name="C_PRESSURE"/></Key><Property xmlns:mms="com.sap.iotservices.mms" Name="G_DEVICE" Type="Edm.String" mms:ColumnName="G_DEVICE"/><Property xmlns:mms="com.sap.iotservices.mms" Name="G_CREATED" Type="Edm.DateTime" mms:ColumnName="G_CREATED"/><Property xmlns:mms="com.sap.iotservices.mms" Name="C_TIMESTAMP" Type="Edm.DateTime" mms:ColumnName="C_TIMESTAMP"/><Property xmlns:mms="com.sap.iotservices.mms" Name="C_ALTITUDE" Type="Edm.Double" mms:ColumnName="C_ALTITUDE"/><Property xmlns:mms="com.sap.iotservices.mms" Name="C_LOCLAT" Type="Edm.String" mms:ColumnName="C_LOCLAT"/><Property xmlns:mms="com.sap.iotservices.mms" Name="C_LOCLONG" Type="Edm.String" mms:ColumnName="C_LOCLONG"/><Property xmlns:mms="com.sap.iotservices.mms" Name="C_PRESSURE" Type="Edm.Double" mms:ColumnName="C_PRESSURE"/></EntityType>
			<EntityType Name="entitySet">
				<Key><PropertyRef Name="name"/></Key><Property Name="schema" Type="Edm.String"/><Property Name="name" Type="Edm.String" m:FC_TargetPath="SyndicationTitle"/><Property Name="count" Type="Edm.String"/></EntityType>
			<EntityContainer xmlns:mms="com.sap.iotservices.mms" Name="SYSTEM" m:IsDefaultEntityContainer="true" mms:SchemaName="SYSTEM"><EntitySet Name="count" EntityType="com.sap.iotservices.mms.entitySet"/><EntitySet xmlns:mms="com.sap.iotservices.mms" Name="T_IOT_ACKSTORE" EntityType="com.sap.iotservices.mms.entity0"
				mms:TableName="T_IOT_ACKSTORE"/><EntitySet xmlns:mms="com.sap.iotservices.mms" Name="T_IOT_MONITOR_LOG" EntityType="com.sap.iotservices.mms.entity1"
				mms:TableName="T_IOT_MONITOR_LOG"/><EntitySet xmlns:mms="com.sap.iotservices.mms" Name="T_IOT_CONFIG" EntityType="com.sap.iotservices.mms.entity2" mms:TableName="T_IOT_CONFIG"/><EntitySet xmlns:mms="com.sap.iotservices.mms" Name="T_IOT_E5EA0ACDEC831C5F0D3A" EntityType="com.sap.iotservices.mms.entity3"
				mms:TableName="T_IOT_E5EA0ACDEC831C5F0D3A"/><EntitySet xmlns:mms="com.sap.iotservices.mms" Name="T_IOT_1588D9AFF22F16B0C6DB" EntityType="com.sap.iotservices.mms.entity4"
				mms:TableName="T_IOT_1588D9AFF22F16B0C6DB"/><EntitySet xmlns:mms="com.sap.iotservices.mms" Name="T_IOT_F7FAF3DC98910CEF2B99" EntityType="com.sap.iotservices.mms.entity5"
				mms:TableName="T_IOT_F7FAF3DC98910CEF2B99"/></EntityContainer>
		</Schema>
	</edmx:DataServices>
</edmx:Edmx>